,0
0, rt machinelearnflx much math need data scienc datasci
1, rt progra ming certif cours becom googl certifi data scientist free learn everyth spend link
2, rt datasciencedojo look store weekend data set use practic improv skill
3, rt chrisstaud data scienc one hottest field youtub video help get start
4, rt chrisstaud data scienc one hottest field youtub video help get start
5, anyway excit announc im go studi plain old mathemat data scienc larg incred fuck evil
6, rt k boazo return front end web develop week tri ventur data scienc
7, rt k boazo return front end web develop week tri ventur data scienc
8, rt akshay pachaar boost odd land data scienc job project thread
9, rt kodingkahawa kode kahawa collabor zindi africa kabarak univers cordial invit join us tech talk
10, date profession profession date latest technolog techniqu alway demand data scienc result data profession continu learn stay date better posit weather recess
11, rt k boazo return front end web develop week tri ventur data scienc
12, rt ogbenidipo top demand tech skill ai ar blockchain cybersecur cloud comput data scienc devop digit
13, rt otechtalk build causal infer machin learn model explor whether global warm caus human activ g
14, build causal infer machin learn model explor whether global warm caus human activ graham harrison jan toward data scienc via tdatasci
15, rt securitytryb top certif cybersecur big data data scienc cloud comput
16, rt chrisstaud data scienc one hottest field youtub video help get start
17, rt chrisstaud tool resourc help land job program data scienc devop
18, rt machinelearnflx much math need data scienc datasci
19, rt chrisstaud data scienc one hottest field youtub video help get start
20, rt chrisstaud learn python sql one best way land job data scienc free simpl
21, rt sumanth pay ridicul amount money studi python data scienc machin learn learn cours go
22, syft openmin open sourc stack provid secur privat data scienc python syft decoupl privat data model train use techniqu like feder learn differenti privaci encrypt comput check one
23, rt machinelearnflx much math need data scienc datasci
24, rt chrisstaud data scienc one hottest field youtub video help get start
25, rt sumanth pay ridicul amount money studi python data scienc machin learn learn cours go
26, bowtiedhamachi stori ser sound like come web dev data scienc
27, rt datasciencedojo look store weekend data set use practic improv skill
28, la daaaamn jefa mathprofcarri talk power commun represent math data scienc social justic disruptjmm
29, defenc ministri said di focu realiz full potenti emerg digit technolog area like cloud comput data scienc ai
30, rt k boazo return front end web develop week tri ventur data scienc
31, much math need data scienc datasci
32, rt chrisstaud data scienc one hottest field youtub video help get start
33, human gener content excerpt import data scienc taken one blog
34, rt k boazo return front end web develop week tri ventur data scienc
35, rt chrisstaud data scienc one hottest field youtub video help get start
36, rt chrisstaud data scienc one hottest field youtub video help get start
37, rt sumanth pay ridicul amount money studi python data scienc machin learn learn cours go
38, rt sumanth pay ridicul amount money studi python data scienc machin learn learn cours go
39, distanc measur data scienc algorithm
40, rt bu cd new year new career bu tweet cd sever open faculti posit chair artifici intellig cd chair
41, rt truefeedback io data scienc import branch scienc order properli manag interpret ever increas amount
42, think want creat high school data scienc cours peopl understand thing ppl say anyth explain ai behavior check late parti video tiktok
43, rt chrisstaud data scienc one hottest field youtub video help get start
44, rt akshay pachaar boost odd land data scienc job project thread
45, rt chrisstaud data scienc one hottest field youtub video help get start
46, rt sumanth pay ridicul amount money studi python data scienc machin learn learn cours go
47, rt chrisstaud data scienc one hottest field youtub video help get start
48, rt mdeverna submit paper th cyber social threat workshop thewebconf select paper invit extend articl
49, zimrevolut zimliv yakapusa time ahead come data scienc
50, rt sumanth pay ridicul amount money studi python data scienc machin learn learn cours go
51, rt akshay pachaar boost odd land data scienc job project thread
52, rt sumanth pay ridicul amount money studi python data scienc machin learn learn cours go
53, rt sumanth pay ridicul amount money studi python data scienc machin learn learn cours go
54, rt chrisstaud data scienc one hottest field youtub video help get start
55, rt sumanth pay ridicul amount money studi python data scienc machin learn learn cours go
56, flipzworld well huge issu due lot modern data scienc implement lot uninform peopl come incorrectli believ signific correl prove causal probabl use method mani case prove causal
57, rt k boazo return front end web develop week tri ventur data scienc
58, rt chrisstaud data scienc one hottest field youtub video help get start
59, rt akshay pachaar boost odd land data scienc job project thread
60, rt sumanth pay ridicul amount money studi python data scienc machin learn learn cours go
61, data scienc vs softwar engin key comparison
62, rt python space becom googl certifi data scientist free basic python tensorflow learn everyth spend
63, rt chrisstaud data scienc one hottest field youtub video help get start
64, rt k boazo return front end web develop week tri ventur data scienc
65, rt sumanth pay ridicul amount money studi python data scienc machin learn learn cours go
66, rt sumanth pay ridicul amount money studi python data scienc machin learn learn cours go
67, rt akshay pachaar boost odd land data scienc job project thread
68, rt sumanth pay ridicul amount money studi python data scienc machin learn learn cours go
69, rt chrisstaud data scienc one hottest field youtub video help get start
70, rt avikumart ever wonder get see relev ad matter digit platform ye numer
71, rt strategi gal educ mentorship data import data scienc world lillian share insight mentorship
72, rt chrisstaud data scienc one hottest field youtub video help get start
73, rt chrisstaud data scienc one hottest field youtub video help get start
74, rt sumanth pay ridicul amount money studi python data scienc machin learn learn cours go
75, rt sumanth pay ridicul amount money studi python data scienc machin learn learn cours go
76, rt sumanth pay ridicul amount money studi python data scienc machin learn learn cours go
77, rt akshay pachaar boost odd land data scienc job project thread
78, rt datasciencedojo look store weekend data set use practic improv skill
79, yusufcod lukespross iamjonjackson find pair much valuabl shame faang compani stuck way take home test popular data scienc although eat even weekend especi one time
80, rt sumanth pay ridicul amount money studi python data scienc machin learn learn cours go
81, rt k boazo return front end web develop week tri ventur data scienc
82, rt chrisstaud data scienc one hottest field youtub video help get start
83, rt sumanth pay ridicul amount money studi python data scienc machin learn learn cours go
84, rt paulabartabajo overwhelm massiv amount data scienc cours choos better way learn data scien
85, rt sumanth pay ridicul amount money studi python data scienc machin learn learn cours go
86, rt chrisstaud data scienc one hottest field youtub video help get start
87, christianbdata meme middl part bell curv meme certain level data scienc excel becom way commun result non data scientist
88, rt datasciencedojo look store weekend data set use practic improv skill
89, rt sumanth pay ridicul amount money studi python data scienc machin learn learn cours go
90, quot tweet rt ogbenidipo top demand tech skill ai ar blockchain cybersecur cloud comput data scienc devop digit origin tweet
91, rt gp pulipaka list import librari data scienc bigdata analyt datasci ai machinelearn iot iiot python rst
92, rt chrisstaud data scienc one hottest field youtub video help get start
93, rt sumanth pay ridicul amount money studi python data scienc machin learn learn cours go
94, rt sumanth pay ridicul amount money studi python data scienc machin learn learn cours go
95, rt amanizuhura statist packag qualit data analysi odk kobo collect nvivo report write project manag monitor
96, rt v vashishta stop ask next ai go build data scienc field next ai whatev wan
97, coursera want obtain googl data analyt certif get good data scienc find job field
98, rt akshay pachaar boost odd land data scienc job project thread
99, rt chrisstaud data scienc one hottest field youtub video help get start
100, geographi data scienc
101, rt uniqu k boazo data scienc compat backend focus engin
102, rt imbikramsaha cours complet certif complet machin learn data scienc bootcamp via
103, rt chrisstaud data scienc one hottest field youtub video help get start
104, rt securitytryb top certif cybersecur big data data scienc cloud comput
105, rt k boazo return front end web develop week tri ventur data scienc
106, rt imbikramsaha cours complet certif complet machin learn data scienc bootcamp via
107, rt akshay pachaar boost odd land data scienc job project thread
108, cours complet certif complet machin learn data scienc bootcamp via udemi
109, rt akshay pachaar boost odd land data scienc job project thread
110, rt akshay pachaar boost odd land data scienc job project thread
111, rt akshay pachaar boost odd land data scienc job project thread
112, rt chrisstaud data scienc one hottest field youtub video help get start
113, rt chrisstaud data scienc one hottest field youtub video help get start
114, rt securitytryb top certif cybersecur big data data scienc cloud comput
115, rt akshay pachaar boost odd land data scienc job project thread
116, rt chrisstaud data scienc one hottest field youtub video help get start
117, hire senior manag product data scienc vancouv canada ai machinelearn datajob jobsearch mljob bigdata datasci aijob hiringnow vancouv canada abtest crypto dataanalysi dataanalyt financ kpi mlmodel r
118, rt ogbenidipo top demand tech skill ai ar blockchain cybersecur cloud comput data scienc devop digit
119, african data scienc research receiv major fund nation institut health usa h africa
120, rt laughlinpaul go data scienc bet busi lesson learnt data insight leader summit hanneso
121, rt chrisstaud data scienc one hottest field youtub video help get start
122, rt gp pulipaka list import librari data scienc bigdata analyt datasci ai machinelearn iot iiot python rst
123, rt ipfconlin key applic datasci healthcar v elekssoftwar healthtech digitaltransform
124, rt chrisstaud data scienc one hottest field youtub video help get start
125, rt chrisstaud data scienc one hottest field youtub video help get start
126, data scienc made wall street close omnipot know buy sell save invest trend go religion favorit music fun watch talk read crytpo control anymor
127, madzadev think great way demonstr skill knowledg potenti employ help give career boost particularli like idea pursu certif demand technolog like cloud comput data scienc
128, rt chrisstaud data scienc one hottest field youtub video help get start
129, rt chrisstaud data scienc one hottest field youtub video help get start
130, rt chrisstaud data scienc one hottest field youtub video help get start
131, rt mdancho career path data scientist stori go salari year articl http
132, rt chrisstaud data scienc one hottest field youtub video help get start
133, rt chrisstaud data scienc one hottest field youtub video help get start
134, peter alonzi asst professor data scienc previous serv lead research comput research area includ particl physic intersect mental health crimin justic system
135, rt bu cd new year new career bu tweet cd sever open faculti posit chair artifici intellig cd chair
136, great data scienc book python crash cours
137, rt sumanth pay ridicul amount money studi python data scienc machin learn learn cours go
138, exercis technic mind week quant data scienc problem datasci quant financ hkml
139, rt chrisstaud data scienc one hottest field youtub video help get start
140, late start prepar data scienc role
141, rt securitytryb top certif cybersecur big data data scienc cloud comput
142, rt sumanth pay ridicul amount money studi python data scienc machin learn learn cours go
143, k boazo data scienc compat backend focus engin
144, rt k boazo return front end web develop week tri ventur data scienc
145, rt k boazo return front end web develop week tri ventur data scienc
146, rt datasciencedojo look store weekend data set use practic improv skill
147, rt k boazo return front end web develop week tri ventur data scienc
148, rt sumanth pay ridicul amount money studi python data scienc machin learn learn cours go
149, rt k boazo return front end web develop week tri ventur data scienc
150, kynsoffici ive take cours tech phone want regist data scienc machin learn need laptop
151, rt chrisstaud data scienc one hottest field youtub video help get start
152, senior lectur cours leader bsc data scienc ai ual creativ comput institut london univers
153, esyudkowski sure tri impli context data scienc smooth ofc gener coordin transform local linear linear algebra actual one need understand arbitrari transform modulo global properti
154, rt chrisstaud data scienc one hottest field youtub video help get start
155, lot summer undergradu data scienc opportun uoftdsi option info session jan appli jan neurosci stem cell evolut epigenet cancer wound repair healthcar research hire undergraduateresearch reu
156, rt akshay pachaar boost odd land data scienc job project thread
157, rt k boazo return front end web develop week tri ventur data scienc
158, rt v vashishta stop ask next ai go build data scienc field next ai whatev wan
159, rt chrisstaud data scienc one hottest field youtub video help get start
160, rt sumanth pay ridicul amount money studi python data scienc machin learn learn cours go
161, rt chrisstaud data scienc one hottest field youtub video help get start
162, rt k boazo return front end web develop week tri ventur data scienc
163, rt sumanth pay ridicul amount money studi python data scienc machin learn learn cours go
164, rt chrisstaud data scienc one hottest field youtub video help get start
165, rt sqicict launch success career data scienc analysi profession train dedic career support gain demand
166, rt chrisstaud data scienc one hottest field youtub video help get start
167, complet data scienc landscap everi data scientist ml engin need know machinelearn datasci datascientist
168, rt chrisstaud tool resourc help land job program data scienc devop
169, rt akshay pachaar boost odd land data scienc job project thread
170, rt gp pulipaka list import librari data scienc bigdata analyt datasci ai machinelearn iot iiot python rst
171, rt bigdatadipp wee hour midnight decid wednesday addam need data scienc resum built one use quar
172, rt chrisstaud data scienc one hottest field youtub video help get start
173, rt mohitbodhija view python vital tool mani industri financ technolog data scienc machin
174, rt chrisstaud data scienc one hottest field youtub video help get start
175, view python vital tool mani industri financ technolog data scienc machin learn versatil simplic make go choic busi profession around world python code program
176, rt chrisstaud data scienc one hottest field youtub video help get start
177, rt sumanth pay ridicul amount money studi python data scienc machin learn learn cours go
178, rt datasciencedojo look store weekend data set use practic improv skill
179, rt chrisstaud data scienc one hottest field youtub video help get start
180, rt datasciencedojo look store weekend data set use practic improv skill
181, rt sumanth pay ridicul amount money studi python data scienc machin learn learn cours go
182, rt sumanth pay ridicul amount money studi python data scienc machin learn learn cours go
183, rt k boazo return front end web develop week tri ventur data scienc
184, rt mdancho career path data scientist stori go salari year articl http
185, rt chrisstaud data scienc one hottest field youtub video help get start
186, rt chrisstaud data scienc one hottest field youtub video help get start
187, quot tweet rt ogbenidipo top demand tech skill ai ar blockchain cybersecur cloud comput data scienc devop digit origin tweet
188, rt amanizuhura statist packag qualit data analysi odk kobo collect nvivo report write project manag monitor
189, rt k boazo return front end web develop week tri ventur data scienc
190, chrisstaud complet agre data scienc seen tremend growth recent year expect continu hot field come year increas amount data gener busi organ grow need profession
191, rt ogbenidipo top demand tech skill ai ar blockchain cybersecur cloud comput data scienc devop digit
192, rt akshay pachaar boost odd land data scienc job project thread
193, rt akshay pachaar boost odd land data scienc job project thread
194, rt akshay pachaar boost odd land data scienc job project thread
195, rt datasciencedojo look store weekend data set use practic improv skill
196, rt datasciencedojo look store weekend data set use practic improv skill
197, redman return grampu lozzafox demonstr understand data scienc possibl caus kept tabl whilst data found show uk data meaning proper studi bangladesh studi closest got one support mask
198, rt securitytryb top certif cybersecur big data data scienc cloud comput
199, k boazo data scienc
200, rt hemansn build stun github profil machin learn data scienc easi step tool
201, rt k boazo return front end web develop week tri ventur data scienc
202, rt amanizuhura statist packag qualit data analysi odk kobo collect nvivo report write project manag monitor
203, statist packag qualit data analysi odk kobo collect nvivo report write project manag monitor evalu ms project monitor evalu framework data scienc python r program
204, error use inadequ data much less use data charl babbag data quot datasci quot
205, ianmsc axi graph measur hundr thousand oh actual one japan record highest daili death record death one day us averag death day winter japan total pandem death total k learn data scienc mask work
206, cognit class cours learn lead edg technolog like data scienc ai kubernet
207, rt santhoshkumar want remot data scienc analyst role pay usd open thread
208, rt gp pulipaka build career data scienc bigdata analyt datasci ai machinelearn iot iiot python rstat tensorfl
209, rt akshay pachaar boost odd land data scienc job project thread
210, rt innotechacademi start year valuabl free cours certif data scienc machin learn
211, introduct python numpi panda hour student april releas link udemi python numpi data scienc panda
212, rt chrisstaud data scienc one hottest field youtub video help get start
213, rt k boazo return front end web develop week tri ventur data scienc
214, top certif cybersecur big data data scienc cloud comput artifici intellig ai project manag pmp agil scrum robot process autom rpa web develop
215, rt chrisstaud data scienc one hottest field youtub video help get start
216, rt bowti raptor data scienc impact farm thank bowtiedfarm bowtiedranch
217, safechem design experi still requir element data scienc
218, mostli ai look remot senior data scienc consult new york ny unit state ml ai career ml
219, look boost career free googl cours certif python basic data scienc foundat ml crash cours googl cloud comput foundat
220, rt chrisstaud data scienc one hottest field youtub video help get start
221, rt chrisstaud data scienc one hottest field youtub video help get start
222, rt lrbitisnot doordash laborlaund appslaveri scam end today xu andyfang stanleytang would neither go jail
223, rt sumanth pay ridicul amount money studi python data scienc machin learn learn cours go
224, wee hour midnight decid wednesday addam need data scienc resum built one use quarto deep learn experi speak quarto markdown resum code rstat dataviz quartopub
225, rt lrbitisnot data scienc avail linkedin know doordash exec level
226, datasci overr here kdnugget
227, overal data scienc power tool busi look gain competit edg market effort leverag insight predict capabl data scienc busi creat effect target market campaign
228, data scienc also help busi optim ad target identifi effect channel demograph market campaign
229, common applic data scienc market includ custom segment predict model b test
230, data scienc play increasingli import role market analyz larg amount data busi gain insight custom behavior prefer inform market strategi campaign
231, ever wonder get see relev ad matter digit platform ye numer techniqu field data scienc play key role let know
232, rt citytechnew congratul citi tech first class data scienc graduat new bachelor scienc program made possi
233, use streamlit python build data scienc app
234, take data scienc frontend web develop anyday
235, abhishekshah data scienc mayb understand ai
236, rt k boazo return front end web develop week tri ventur data scienc
237, rt chrisstaud data scienc one hottest field youtub video help get start
238, rt chrisstaud data scienc one hottest field youtub video help get start
239, rt gp pulipaka free datamanag datasci kdnugget bigdata analyt ai machinelearn iot iiot pytorch python r
240, rt gp pulipaka free datamanag datasci kdnugget bigdata analyt ai machinelearn iot iiot pytorch python r
241, rt akshay pachaar boost odd land data scienc job project thread
242, rt gp pulipaka free datamanag datasci kdnugget bigdata analyt ai machinelearn iot iiot pytorch python r
243, rt akshay pachaar hi akshay interest python data scienc data viz machin learn math ml
244, free datamanag datasci kdnugget bigdata analyt ai machinelearn iot iiot pytorch python rstat tensorflow javascript reactj cloudcomput serverless datascientist linux program code daysofcod
245, neat farm post alreadi help someon specif data scienc meet industri request go dm far done cyber farm
246, rt akshay pachaar boost odd land data scienc job project thread
247, indian boxoff accord statist data scienc cloud comput calcul error method newton forward backward differ divid differ lagrang anna univers syllabu numer method statist numer method
248, rt chrisstaud data scienc one hottest field youtub video help get start
249, data scienc cheat sheet download quick point refer datacamp cheat sheet blog everyth advanc nlp python bokeh librari data tabl r datasci datascientist
250, rt sumanth pay ridicul amount money studi python data scienc machin learn learn cours go
251, rt lesscrim interest opportun work andydnewton nott vru combin data scienc ai peopl person exper
252, rt chrisstaud data scienc one hottest field youtub video help get start
253, rt datasciencectrl want head start data scienc artifici intellig learn modern data mindset help
254, rt akshay pachaar boost odd land data scienc job project thread
255, rt securitytryb top certif cybersecur big data data scienc cloud comput
256, python data scienc select model use grid search python datasci machinelearn dataanalyt python r regress classif analyst businessanalyst freelanc datamin forecast datasci machinelearn
257, rt k boazo return front end web develop week tri ventur data scienc
258, saboo shubham data scienc intern work deep learn watch vid consid non tech background
259, rt sumanth pay ridicul amount money studi python data scienc machin learn learn cours go
260, rt chrisstaud data scienc one hottest field youtub video help get start
261, student usd sd earn degre comput scienc special ai also certif data scienc provid foundat comput program machinelearn student
262, rt chrisstaud data scienc one hottest field youtub video help get start
263, rt chrisstaud data scienc one hottest field youtub video help get start
264, rt sumanth pay ridicul amount money studi python data scienc machin learn learn cours go
265, architectur team need buddi scientist org chang often necessari effect data scienc
266, rt sumanth pay ridicul amount money studi python data scienc machin learn learn cours go
267, rt akshay pachaar boost odd land data scienc job project thread
268, rt k boazo return front end web develop week tri ventur data scienc
269, rt k boazo return front end web develop week tri ventur data scienc
270, rt securitytryb top certif cybersecur big data data scienc cloud comput
271, conspiraci theori type video deliber made viral outsid forc use data scienc algorithm affect black peopl view one anoth
272, rt lesscrim interest opportun work andydnewton nott vru combin data scienc ai peopl person exper
273, rt akshay pachaar boost odd land data scienc job project thread
274, rt securitytryb top certif cybersecur big data data scienc cloud comput
275, way python use data scienc analyt visual machin learn web develop websit web app financi analysi desktop applic busi applic script util softwar pythondevelop europeanit
276, rt thebaqarjafri data scienc program two field languag growth everi field k
277, rt k boazo return front end web develop week tri ventur data scienc
278, rt chrisstaud data scienc one hottest field youtub video help get start
279, rt chrisstaud data scienc one hottest field youtub video help get start
280, look udemi cours yt tutori data scienc stuff ador take back honeymoon phase data watch josemportilla cours nostalgia lol
281, rt sumanth pay ridicul amount money studi python data scienc machin learn learn cours go
282, rt saboo shubham pay ridicul amount money studi program data scienc machin learn learn free f
283, rt chrisstaud data scienc one hottest field youtub video help get start
284, rt k boazo return front end web develop week tri ventur data scienc
285, rt securitytryb top certif cybersecur big data data scienc cloud comput
286, k boazo would rather die tri data scienc choos easi way
287, rt docdellair new job post dalhousi univers dalpatholog dalmedschool dalhousieu assist associ professor tier
288, rt k boazo return front end web develop week tri ventur data scienc
289, yostalin even need help n number thing could learn get job readi wordpress plugin develop data mine data scienc websit develop app develop et el educ degre least worri day
290, rt k boazo return front end web develop week tri ventur data scienc
291, panda definit featur tutori built javascriptnew
292, rt chrisstaud data scienc one hottest field youtub video help get start
293, rt chrisstaud data scienc one hottest field youtub video help get start
294, rt chrisstaud data scienc one hottest field youtub video help get start
295, rt k boazo return front end web develop week tri ventur data scienc
296, rt chrisstaud data scienc one hottest field youtub video help get start
297, rt sansdefens episod blueprintpodcast san instructor austin taylor huntoper discuss promis realiti
298, rt akshay pachaar boost odd land data scienc job project thread
299, rt akshay pachaar boost odd land data scienc job project thread
300, rt sansdefens episod blueprintpodcast san instructor austin taylor huntoper discuss promis realiti
301, rt k boazo return front end web develop week tri ventur data scienc
302, rt chrisstaud data scienc one hottest field youtub video help get start
303, rt sumanth pay ridicul amount money studi python data scienc machin learn learn cours go
304, rt sumanth pay ridicul amount money studi python data scienc machin learn learn cours go
305, oper research forgotten child analyt data scienc expect make comeback next two year mani compani seek optim cost
306, rt truefeedback io data scienc import branch scienc order properli manag interpret ever increas amount
307, rt prian deanhatch spiritofgaia ivpatxx mcrobredz hughcam patrob serv ce existentialrest steviede
308, rt chrisstaud data scienc one hottest field youtub video help get start
309, rt chrisstaud data scienc one hottest field youtub video help get start
310, data scienc your alway aim optim someth optim wrong thing tank project exampl optim revenu often shortsight youd better optim custom experi like lead long term revenu
311, interest spatial data scienc use list esri resourc explor topicy even expand python imageri skill
312, rt sumanth pay ridicul amount money studi python data scienc machin learn learn cours go
313, data scienc model suggest btc peak much higher shib btc eth doge sol crv ath sl algo matic fib boa gme tnt h amc ct tp spx
314, rt memorialusci join one two free interact webinar memori newest cours base master tech program data scienc
315, deanhatch spiritofgaia ivpatxx mcrobredz hughcam patrob serv ce existentialrest steviede merrilynstang pstew freemepleeez twinkletrous xrparmynew dave whitton eleftheriaelpi joeblob hdpanhead dkmr citizensmith vivi hazbeen isabel cliverhymest ac xrp dave unisophia sihartley cultureclubb lesleymillercyp lego scientist nikkino jdcburnhil katiej dorothyhorr flowersenglish mgermain goggleman appl matt dean hatchi jessrock djmorpheu casperboglim princessofwail sw notreren geffer helen athomp today data scienc snd narr nick plagiaris word word strain lockdown variant shock straight mouth world scienc today new scienc sinc
316, heartiest congratul sgsmusoss undergrad ng ying attain top spot singapor asean data scienc competit final repres singapor region final held cambodia smuprid
317, stop ask next ai go build data scienc field next ai whatev want earli first wave practic applic passeng start car pick destin
318, rt k boazo return front end web develop week tri ventur data scienc
319, rt sumanth pay ridicul amount money studi python data scienc machin learn learn cours go
320, rt akshay pachaar boost odd land data scienc job project thread
321, rt mdancho career path data scientist stori go salari year articl http
322, rt clairegillantcd still take applic month year postdoc posit mental health data scienc workin
323, svenleyff meme design inhibit cognit think robust tool data scienc peopl without rigor math background allow data scienc make prescript claim deriv math fulli appreci
324, rt chrisstaud data scienc one hottest field youtub video help get start
325, rt thebaqarjafri data scienc program two field languag growth everi field k
326, rt databrick needless say pump esri arcgi geoanalyt engin databrick learn leverag combo
327, rstatsvideo jess mostipak r ds onlin learn commun self taught data scienc dei rstudio posit pbc posit pbc rstat rstudio datasci machinelearn python stat tidyvers
328, rt iitguwahati chatgpt educ worst nightmar play watch dr debanga raj neog asst professor mehta famili sch
329, rt akshay pachaar boost odd land data scienc job project thread
330, rt akshay pachaar boost odd land data scienc job project thread
331, rt chrisstaud data scienc one hottest field youtub video help get start
332, rt chrisstaud data scienc one hottest field youtub video help get start
333, rt chrisstaud data scienc one hottest field youtub video help get start
334, rt deltalakeoss feb th robert thomson tmobil present implement data lakehous improv data scien
335, rt k boazo return front end web develop week tri ventur data scienc
336, rt k boazo return front end web develop week tri ventur data scienc
337, data scienc model suggest btc peak much higher shib btc eth doge sol crv ath sl algo matic fib boa gme tnt h amc ct tp spx
338, knime unveil knime hub acceler data scienc upskil scale data impact bakersfield californian pyton python python ml machinelearn read
339, svenleyff problemat mani way problemat bad thing exampl complet fiasco incorrect method analysi propublica lead accus algorithm racist racist data scienc
340, rt chrisstaud data scienc one hottest field youtub video help get start
341, rt sumanth pay ridicul amount money studi python data scienc machin learn learn cours go
342, rt mdancho career path data scientist stori go salari year articl http
343, rt akshay pachaar boost odd land data scienc job project thread
344, rt chrisstaud data scienc one hottest field youtub video help get start
345, rt sumanth pay ridicul amount money studi python data scienc machin learn learn cours go
346, rt sumanth pay ridicul amount money studi python data scienc machin learn learn cours go
347, rt chrisstaud data scienc one hottest field youtub video help get start
348, rt chrisstaud data scienc one hottest field youtub video help get start
349, top interview question cloud comput articl publish part data scienc blogathon introduct cloud comput internet base emerg comput paradigm provid way deliv comput resourc
350, rt cachirag ca cours new curriculum multidisciplinari approach subject psycholog ai block chain data scienc
351, rt mdancho career path data scientist stori go salari year articl http
352, rt chrisstaud data scienc one hottest field youtub video help get start
353, rt tut ml learn statist data scienc free cours machinelearn daysofcod ai iot
354, rt securitytryb top certif cybersecur big data data scienc cloud comput
355, rt akshay pachaar boost odd land data scienc job project thread
356, rt chrisstaud data scienc one hottest field youtub video help get start
357, rt sumanth pay ridicul amount money studi python data scienc machin learn learn cours go
358, thephdplac would still statist perhap data scienc im sure would definit enjoy
359, rt pythonbot python code minut less minim data scienc setup pythoncod
360, rt mdancho career path data scientist stori go salari year articl http
361, rt argusnew odisha govt sign mou univers chicago trust india set data polici innov centr dpic
362, sankhyana consult servic pvt ltd kenya help learner develop excel skill data scienc regist interest data scienc train futur scope data scienc contact us trishita choudhari sankhyana com
363, hey k cpp take move rank kaggl
364, rt chrisstaud data scienc one hottest field youtub video help get start
365, rt hrexposom also hire multipl data scienc posit includ biostatistician data manag post doc post soon
366, rt datasciencedojo week left sign python data scienc instructor led live train learn build data pip
367, train lilt model invoic run infer step step tutorialcontinu read toward data scienc ai machinelearn datasci
368, career path data scientist stori go salari year articl rstat datasci
369, rt akshay pachaar boost odd land data scienc job project thread
370, rt truefeedback io data scienc import branch scienc order properli manag interpret ever increas amount
371, rt chrisstaud data scienc one hottest field youtub video help get start
372, offer help support onlin degre field like econom busi manag data scienc mathemat biolog bsc actuari scienc geographi physiolog psycholog comput scienc chemistri nurs inform scienc account psycholog exam help
373, rt datasciencedojo look store weekend data set use practic improv skill
374, rt chrisstaud data scienc one hottest field youtub video help get start
375, rt securitytryb top certif cybersecur big data data scienc cloud comput
376, rt chrisstaud data scienc one hottest field youtub video help get start
377, rt sumanth pay ridicul amount money studi python data scienc machin learn learn cours go
378, rt akshay pachaar boost odd land data scienc job project thread
379, rt securitytryb top certif cybersecur big data data scienc cloud comput
380, rt cachirag ca cours new curriculum multidisciplinari approach subject psycholog ai block chain data scienc
381, rt k boazo return front end web develop week tri ventur data scienc
382, rt peterabcz cidrdb close wed jan organis am ds meetup amsterdam movenpick hotel talk ml
383, rt k boazo return front end web develop week tri ventur data scienc
384, rt sumanth pay ridicul amount money studi python data scienc machin learn learn cours go
385, rt chrisstaud data scienc one hottest field youtub video help get start
386, opportun high ai data scienc devop credit articl nathan eddi publish itprotoday com origin articl link blog ic icscareergp ittechnolog itindustri itsector technolog technologytrend ai
387, rt akshay pachaar boost odd land data scienc job project thread
388, harunmbaabu data scienc startup think provid flexibl
389, rt securitytryb top certif cybersecur big data data scienc cloud comput
390, rt datasciencedojo look store weekend data set use practic improv skill
391, true one make outstand career data scienc expect futur almost everi compani tech compani tech mean creation data video explain
392, six key applic data scienc healthcar
393, new initi learn data scienc code matrixbootcamp
394, rt chrisstaud learn data scienc tutori full cours beginn freecodecamp durat hr main topic data scienc
395, rt k boazo return front end web develop week tri ventur data scienc
396, chatgpt educ worst nightmar play watch dr debanga raj neog asst professor mehta famili school data scienc artifici intellig iitguwahati take debat indiatoday
397, episod blueprintpodcast san instructor austin taylor huntoper discuss promis realiti cybersecur centric data scienc use machin learn ml solv practic secur problem listen
398, rt edinburghbean rsmnephrologydata scienc kidney bring uk renal health data research network intern e
399, rt chrisstaud data scienc one hottest field youtub video help get start
400, rt securitytryb top certif cybersecur big data data scienc cloud comput
401, rt chrisstaud data scienc one hottest field youtub video help get start
402, rt seanbogart hello altac peopl im want find uxr data scienc internship summer need resum help advic
403, rt chrisstaud data scienc one hottest field youtub video help get start
404, rt chrisstaud learn data scienc tutori full cours beginn freecodecamp durat hr main topic data scienc
405, rt scrapingdog web scrape use case usecas scrape program code data pr data scienc analyt lead gener
406, web scrape use case usecas scrape program code data pr data scienc analyt lead gener want learn deep read
407, rt sumanth pay ridicul amount money studi python data scienc machin learn learn cours go
408, rt chrisstaud data scienc one hottest field youtub video help get start
409, rt chrisstaud data scienc one hottest field youtub video help get start
410, rt akshay pachaar boost odd land data scienc job project thread
411, rt chrisstaud data scienc one hottest field youtub video help get start
412, rt k boazo return front end web develop week tri ventur data scienc
413, seed mitchbenn simonpegg idea focus year old futur daft modular appli math data scienc cours remot across industri fe alreadi r qd e g non stem student would effect pick need get cv qual
414, rt python space becom googl certifi data scientist free basic python tensorflow learn everyth spend
415, learn basic data scienc chatgpt without write code
416, rt chrisstaud data scienc one hottest field youtub video help get start
417, rt chrisstaud data scienc one hottest field youtub video help get start
418, rt chrisstaud data scienc one hottest field youtub video help get start
419, rt k boazo return front end web develop week tri ventur data scienc
420, rt truefeedback io data scienc import branch scienc order properli manag interpret ever increas amount
421, rt k boazo return front end web develop week tri ventur data scienc
422, rt truefeedback io data scienc import branch scienc order properli manag interpret ever increas amount
423, ocado develop cut edg technolog across robot artifici intellig machin learn data scienc fanci win week paid summer internship appli ugradoftheyear ai robot ugoti ugoy ocado
424, quantit justic madprofessah kick jmm nam siam minisymposium data scienc social justic also news alert thesiamnew new edi activ group disruptjmm
425, data scienc import branch scienc order properli manag interpret ever increas amount data way wide rang benefit achiev busi societi truefeedback newblackstar bigdata blockchain technolog
426, rt datasciencedojo look store weekend data set use practic improv skill
427, karl itnerd yeah realli love python script autom im use data analysi data scienc go would benefici believ long run
428, rt eli krumova much math need datasci toward ai v gp pulipaka datascientist machinel
429, rt securitytryb top certif cybersecur big data data scienc cloud comput
430, rt securitytryb top certif cybersecur big data data scienc cloud comput
431, rt eli krumova best onlin cours datasci datascientist ai machinelearn ml datav
432, rt kdnugget free data manag data scienc learn cs learn data manag data scienc free cs dat
433, shashiwhocod hi im abdulhamid im data scienc machin learn
434, rt chrisstaud data scienc one hottest field youtub video help get start
435, rt annaroseshadow leahoverthink worth hahaha tbh may like go data scienc
436, rt richardeud util regular express data scienc bigdata datasci datasci ds
437, rt svenleyff madprofessah vp edi thesiamnew introduc quantit social justic data scienc math tool promo
438, rt chrisstaud data scienc one hottest field youtub video help get start
439, rt k boazo return front end web develop week tri ventur data scienc
440, madprofessah vp edi thesiamnew introduc quantit social justic data scienc math tool promot social justic jmm
441, leahoverthink worth hahaha tbh may like go data scienc
442, rt chrisstaud data scienc one hottest field youtub video help get start
443, rt richardeud util regular express data scienc bigdata datasci datasci ds
444, open internship entri level posit step stone dream job internship entri level posit search data scienc internship entri level posit tailor applic compani role consid paid unpaid internship
445, rt chrisstaud data scienc one hottest field youtub video help get start
446, rt sumanth pay ridicul amount money studi python data scienc machin learn learn cours go
447, rt k boazo return front end web develop week tri ventur data scienc
448, data scienc vs softwar engin key comparison
449, omarsar hi omarsar anoth use chatgpt intersect poetri data scienc would love hear opinion
450, rt k boazo return front end web develop week tri ventur data scienc
451, quot tweet rt paulabartabajo overwhelm massiv amount data scienc cours choos better way learn data scien origin tweet
452, rt datasciencedojo look store weekend data set use practic improv skill
453, datatrain perfect platform month cours get hand experi industri project start journey today part data scienc commun datatrain
454, rt sumanth ibm data scienc profession cours
455, rt k boazo return front end web develop week tri ventur data scienc
456, rt k boazo return front end web develop week tri ventur data scienc
457, rt chrisstaud data scienc one hottest field youtub video help get start
458, studi data scienc uk visit us learn scholarship opportun job prospect entri requir idp uk educ roadshow amari dhaka th januari registr
459, data scienc book week
460, data scienc machin learn bootcamp udemi comprehens cours cover wide rang data scienc topic
461, rt santhoshkumar want remot data scienc analyst role pay usd open thread
462, rt chrisstaud data scienc one hottest field youtub video help get start
463, rt chrisstaud data scienc one hottest field youtub video help get start
464, rt sumanth pay ridicul amount money studi python data scienc machin learn learn cours go
465, rt datasciencedojo look store weekend data set use practic improv skill
466, rt securitytryb top certif cybersecur big data data scienc cloud comput
467, rt k boazo return front end web develop week tri ventur data scienc
468, know amaz fact data scienc start search best institut train data scienc pleas get touch us get train industri expert asiantechnologyhub hyderabad datasci machinelearn python
469, rt datasciencedojo look store weekend data set use practic improv skill
470, simplilearn want money back data scienc worth less cours mail manag repli sunoy tk simplilearn net harshita jha simplilearn net sahil dusaj simplilearn net mention id
471, rt k boazo return front end web develop week tri ventur data scienc
472, regress r health data scienc datasci
473, rt chrisstaud data scienc one hottest field youtub video help get start
474, rt aiscienceslearn follow ai data scienc content technolog artifici intellig machinel
475, follow ai data scienc content technolog artifici intellig machinelearn aiscienc robot program ai ml deeplearn statist
476, techstuff gurobi deliv blaze fast speed innov data scienc integr aithor pyton python python ml machinelearn read
477, rt khulood almani machinelearn datasciencedemystifi scene datascientist ai innov iot
478, rt gudumbacar best youtub channel statist data scienc machin learn statquest john starmer kri
479, rt chrisstaud data scienc one hottest field youtub video help get start
480, rt akshay pachaar boost odd land data scienc job project thread
481, rt paulabartabajo overwhelm massiv amount data scienc cours choos better way learn data scien
482, rt utejungwirth join lifesciencebath prize fellow year research fellowship strong expect transit perman po
483, rt sumanth pay ridicul amount money studi python data scienc machin learn learn cours go
484, rt gise check five reason everi data scienc team need geograph datasci geograph
485, rt datachaz insan use chrome extens take chatgpt experi new height thread
486, rt sumanth pay ridicul amount money studi python data scienc machin learn learn cours go
487, rt k boazo return front end web develop week tri ventur data scienc
488, iampascio hello sam mostli follow topic relat data scienc work data scienc mentor clarusway also teach dv w matplotlib mld w streamlit
489, rt chrisstaud data scienc one hottest field youtub video help get start
490, iran execut men connect protest novic meghashyam thiruveedula data scienc machin learn
491, rt datasciencedojo look store weekend data set use practic improv skill
492, rt akshay pachaar boost odd land data scienc job project thread
493, rt chrisstaud data scienc one hottest field youtub video help get start
494, rt ghumar pay ridicul amount money studi python linux devop mlop data scienc learn cours fr
495, rt k boazo return front end web develop week tri ventur data scienc
496, rt akshay pachaar boost odd land data scienc job project thread
497, rt chrisstaud data scienc one hottest field youtub video help get start
498, rt k boazo return front end web develop week tri ventur data scienc
499, must press follow button twitter page get daili free cours updat enrol link free python data scienc machin learn zero hero
500, rt securitytryb top certif cybersecur big data data scienc cloud comput
501, rt chrisstaud data scienc one hottest field youtub video help get start
502, ss iyengar good morn sir want feedback syracus univers data scienc cours advis help take decis son thank advanc
503, start class data scienc python date th januari time price inform visit detail reach us codingmast gmail com datasciencecar datascienceonlinetrain pythoncours
504, appli data scienc appli scienc john hopkin univers
505, rt k boazo return front end web develop week tri ventur data scienc
506, chrisstaud great list resourc chri data scienc interest field start
507, rt harunmbaabu plan first lux academi lux academi data scienc east africa dseafrica meet
508, rt ioannisduk see daili news geodesi geomat engin enrich data scienc topic ag
509, rt chrisstaud data scienc one hottest field youtub video help get start
510, rt chrisstaud data scienc one hottest field youtub video help get start
511, rt sumanth pay ridicul amount money studi python data scienc machin learn learn cours go
512, rt datasciencectrl want head start data scienc artifici intellig learn modern data mindset help
513, rt dd nana data scienc databrick data analyst datasci
514, rt chrisstaud data scienc one hottest field youtub video help get start
515, rt machinelearnflx data set beginn data scienc machin learn project datasci machinel
516, wakawaka doctor nekay sykobarzjay ohjayi data scienc
517, rt datasciencedojo look store weekend data set use practic improv skill
518, rt sumanth pay ridicul amount money studi python data scienc machin learn learn cours go
519, rt dhnow resourc import design plan data scienc
520, rt chrisstaud data scienc one hottest field youtub video help get start
521, quantit justic seem term social justic use data scienc social scienc mathemat model
522, rt sumanth pay ridicul amount money studi python data scienc machin learn learn cours go
523, annejackson satinwithlatin marcusdusautoy math statist data scienc comput appli practic point view one topic whole way understand bit better would great benefit everyon
524, rt akshay pachaar boost odd land data scienc job project thread
525, joblead look director market data scienc virtual phoenix az unit state python cloud azur aw simul job python
526, joblead look senior associ data scienc boston unit state python datasci python
527, rt k boazo return front end web develop week tri ventur data scienc
528, rt chrisstaud data scienc one hottest field youtub video help get start
529, rt fe educ ed tech revolut ai data scienc contribut simplifi student loan manag india kuhooedufintech fe
530, wonder group discuss session data scienc data analyt conduct win life academi koramangala train centr bengaluru want know appli contact us trainingcentr wininlifeacademi
531, rt k boazo return front end web develop week tri ventur data scienc
532, rt chrisstaud data scienc one hottest field youtub video help get start
533, rt utm datasci data digest event uoftdsi wednesday jan join interdisciplinari data convers soni
534, rt swisscognit classif deeplearn model credit datasci ainew analyt
535, blue cross blue shield il mt nm ok tx hire next lead data scienc product manag help member take control health well creat next gener healthcar product productmanag
536, rt chrisstaud data scienc one hottest field youtub video help get start
537, rt k boazo return front end web develop week tri ventur data scienc
538, master scienc data scienc ai machinelearn artificialintellig via kdnugget
539, rt eli krumova top python datasci librari kdnugget dataviz analyt bigdata ai machinel
540, rt chrisstaud data scienc one hottest field youtub video help get start
541, scientist discov new organ human oncologist netherland discov new gland within human face call tubari gland near salivari gland dataanalyt data scienc
542, collegemenfess univers manchest data scienc
543, rt sumanth pay ridicul amount money studi python data scienc machin learn learn cours go
544, rt kiitan olabiyi want build data scienc project
545, rt datasciencedojo look store weekend data set use practic improv skill
546, rt cachirag ca cours new curriculum multidisciplinari approach subject psycholog ai block chain data scienc
547, rt chrisstaud data scienc one hottest field youtub video help get start
548, rt cachirag ca cours new curriculum multidisciplinari approach subject psycholog ai block chain data scienc
549, rt fe educ ed tech revolut ai data scienc contribut simplifi student loan manag india kuhooedufintech fe
550, evolut recruit solut usa look head data scienc vp lead fortun compani raleigh nc unit state python code python
551, excel piec regret stop math relearn level equival math grad school reason social scienc phd focus data scienc form appli math gcse could keep peopl engag
552, rt datasciencedojo look store weekend data set use practic improv skill
553, trend couldnt ignor skill data scienc never ignor learn data scienc digitmg
554, rt k boazo return front end web develop week tri ventur data scienc
555, rt k boazo return front end web develop week tri ventur data scienc
556, rt eli krumova data set beginn datasci machinelearn project analyt bigdata ai ml dee
557, rt eli krumova top datasci project code kick start career dataflairw bigdata ai
558, rt sumanth pay ridicul amount money studi python data scienc machin learn learn cours go
559, rt chrisstaud data scienc one hottest field youtub video help get start
560, rt k boazo return front end web develop week tri ventur data scienc
561, rt chrisstaud learn data scienc tutori full cours beginn freecodecamp durat hr main topic data scienc
562, python code minut less minim data scienc setup pythoncod
563, go link hey ive found amaz cours data scienc python cours pleas look datasci cours phython datasciencewithphythoncours coursefory
564, rt chrisstaud data scienc one hottest field youtub video help get start
565, rt akshay pachaar boost odd land data scienc job project thread
566, rt datasciencedojo look store weekend data set use practic improv skill
567, rt akshay pachaar boost odd land data scienc job project thread
568, rt tdatasci lectur chang data scienc career long data
569, rt k boazo return front end web develop week tri ventur data scienc
570, think platform good udac learn data scienc cours enjoy platform
571, rt iamosagi want remot data scienc analyst role pay usd open thread
572, rt akshay pachaar boost odd land data scienc job project thread
573, rt k boazo return front end web develop week tri ventur data scienc
574, rt securitytryb top certif cybersecur big data data scienc cloud comput
575, rt k boazo return front end web develop week tri ventur data scienc
576, rt k boazo return front end web develop week tri ventur data scienc
577, odisha govt sign mou univers chicago trust india set data polici innov centr dpic enabl rigor evid base govern use new advanc econometr data scienc machin learn electron dept
578, rt chrisstaud data scienc one hottest field youtub video help get start
579, rt chrisstaud data scienc one hottest field youtub video help get start
580, rt k boazo return front end web develop week tri ventur data scienc
581, rt k boazo return front end web develop week tri ventur data scienc
582, rt akshay pachaar boost odd land data scienc job project thread
583, rt akshay pachaar boost odd land data scienc job project thread
584, rt k boazo return front end web develop week tri ventur data scienc
585, boost odd land data scienc job project thread
586, coupang seek senior staff engin global oper data mountain view
587, rt chrisstaud data scienc one hottest field youtub video help get start
588, rt datasciencedojo look store weekend data set use practic improv skill
589, rt hdruklearn would love join health data scienc black internship programm summer deadlin tomorrow midn
590, rt securitytryb top certif cybersecur big data data scienc cloud comput
591, rt securitytryb top certif cybersecur big data data scienc cloud comput
592, rt chrisstaud data scienc one hottest field youtub video help get start
593, rt chrisstaud data scienc one hottest field youtub video help get start
594, rt hdruklearn would love join health data scienc black internship programm summer deadlin tomorrow midn
595, rt chrisstaud data scienc one hottest field youtub video help get start
596, rt chrisstaud data scienc one hottest field youtub video help get start
597, rt aesroka last ten year term data scienc grown widespread use disproportion popular read full art
598, rt utejungwirth join lifesciencebath prize fellow year research fellowship strong expect transit perman po
599, rt k boazo return front end web develop week tri ventur data scienc
600, rt cachirag ca cours new curriculum multidisciplinari approach subject psycholog ai block chain data scienc
601, rt k boazo return front end web develop week tri ventur data scienc
602, rt cachirag ca cours new curriculum multidisciplinari approach subject psycholog ai block chain data scienc
603, world academ center appli machin learn data scienc datasci python r ai
604, rt chrisstaud data scienc one hottest field youtub video help get start
605, rt tamaro k boazo data scienc everyon
606, rt securitytryb top certif cybersecur big data data scienc cloud comput
607, rt chrisstaud data scienc one hottest field youtub video help get start
608, ed tech revolut ai data scienc contribut simplifi student loan manag india kuhooedufintech feeduc ai datasci edtech
609, rt arnoldkrumm cgcomp aja cort use work data scienc compani pharma industri goal drug compani trea
610, best youtub channel learn data scienc
611, applic deadlin extend first healthdata immers week partner hdr uk phd mre student quantit skill appli jan start build career data make posit impact peopl health
612, would love join health data scienc black internship programm summer deadlin tomorrow midnight find appli blackinternshipprogramm blackintern
613, rt chrisstaud data scienc one hottest field youtub video help get start
614, rt chrisstaud data scienc one hottest field youtub video help get start
615, rt chrisstaud data scienc one hottest field youtub video help get start
616, rt sumanth pay ridicul amount money studi python data scienc machin learn learn cours go
617, learn data scienc free repositari combin differ resourc lie scatter internet reason make repo author therealsreehari machinelearn
618, rt chrisstaud data scienc one hottest field youtub video help get start
619, rt chrisstaud data scienc one hottest field youtub video help get start
620, rt chrisstaud data scienc one hottest field youtub video help get start
621, rt hubbucket hubbucket inc data engin softwar engin system engin network engin data scienc ar
622, busi must consid ml data scienc difficulti top ml data scienc challeng list articl datagath datasci datasecur datasourcequant machinelearn
623, rt k boazo return front end web develop week tri ventur data scienc
624, practic data scienc aw cloud practic scienc cloud duke univers
625, rt chrisstaud data scienc one hottest field youtub video help get start
626, data scienc vast field employ individu varieti role respons may hold titl data analyst busi analyst name freewebinar webinar datasciencecours datascientist dataarchitect dataanalyst dataengin
627, senior lectur cours leader msc data scienc ai ual creativ comput institut london univers
628, rt datasciencedojo look store weekend data set use practic improv skill
629, rt chrisstaud data scienc one hottest field youtub video help get start
630, k boazo sorri feel way data scienc
631, rt k boazo return front end web develop week tri ventur data scienc
632, top certif cybersecur big data data scienc cloud comput artifici intellig ai project manag pmp agil scrum robot process autom rpa web develop
633, rt k boazo return front end web develop week tri ventur data scienc
634, k boazo data scienc everyon
635, see daili news geodesi geomat engin enrich data scienc topic agu geohealth ggrf unggim fig news iag ggo iag geodesi esa eo earthobserv geoai bim geomat gi gp gnss lidar smart citi
636, rt chrisstaud data scienc one hottest field youtub video help get start
637, rt arinzeuch data scienc data analyt busi analyt devop cloud comput sure path
638, rt chrisstaud data scienc one hottest field youtub video help get start
639, rt datasciencedojo week left sign python data scienc instructor led live train learn build data pip
640, rt datasciencedojo week left sign python data scienc instructor led live train learn build data pip
641, rt cachirag ca cours new curriculum multidisciplinari approach subject psycholog ai block chain data scienc
642, python data scienc machin learn zero hero onlineclass onlinecours freeonlinecours onlinetutori
643, univers degre data scienc replac question univers degre disrupt last year seen multipl innov area educ ai datasci ml blockchain
644, rt kodingkahawa kode kahawa collabor zindi africa kabarak univers cordial invit join us tech talk
645, rt chrisstaud data scienc one hottest field youtub video help get start
646, rt thequasistartup tip check blog datasci datasci machinelearn bigdata ai
647, rt machinelearnflx data scienc fundament python sql machinelearn datasci datascientist da
648, rt sumanth pay ridicul amount money studi python data scienc machin learn learn cours go
649, rt k boazo return front end web develop week tri ventur data scienc
650, rt datascienceharp hardest part data scienc keep track measur right thing metric
651, rt k boazo return front end web develop week tri ventur data scienc
652, rt k boazo return front end web develop week tri ventur data scienc
653, rt tahabeast pak largest tech confer futurefestpk held today till th jan expo centr lhr main focu
654, indonesia mt marapi erupt send ash metr novic meghashyam thiruveedula data scienc machin learn
655, fresh take person data analysi call quantifi self healthi dose data scienc ml visual thrown good measur check yenniejun analysi cri pattern
656, rt k boazo return front end web develop week tri ventur data scienc
657, rt k boazo return front end web develop week tri ventur data scienc
658, tdatasci fresh take person data analysi call quantifi self healthi dose data scienc ml visual thrown good measur check yenniejun analysi cri pattern
659, rt toward ai data scienc case studi predict salari job post via towardsai machinelearn ml
660, rt datasciencedojo look store weekend data set use practic improv skill
661, rt swisscognit classif deeplearn model credit datasci ainew analyt
662, rt k boazo return front end web develop week tri ventur data scienc
663, rt chrisstaud data scienc one hottest field youtub video help get start
664, rt amuletanalyt build buy mlop platform datasci mlop cnvrg io
665, rt chrisstaud data scienc one hottest field youtub video help get start
666, rt k boazo return front end web develop week tri ventur data scienc
667, rt k boazo return front end web develop week tri ventur data scienc
668, rt sumanth pay ridicul amount money studi python data scienc machin learn learn cours go
669, rt datasciencedojo look store weekend data set use practic improv skill
670, rt k boazo return front end web develop week tri ventur data scienc
671, rt chrisstaud data scienc one hottest field youtub video help get start
672, rt chrisstaud data scienc one hottest field youtub video help get start
673, rt k boazo return front end web develop week tri ventur data scienc
674, rt swisscognit classif deeplearn model credit datasci ainew analyt
675, rt chrisstaud data scienc one hottest field youtub video help get start
676, data scienc fundament python sql machinelearn datasci datascientist datascientist dataanalyt dataanalyst ad elearn learn cours cours python sql
677, rt datasciencedojo look store weekend data set use practic improv skill
678, rt kodingkahawa kode kahawa collabor zindi africa kabarak univers cordial invit join us tech talk
679, rt samglov data market psycholog big data data scienc rsvp amil beverli davi giusecicorella cjdeguara
680, rt datasciencedojo look store weekend data set use practic improv skill
681, kode kahawa collabor zindi africa kabarak univers cordial invit join us tech talk roadmap data scienc speaker kevin mugo date thursday januari pm googl meet link datasci
682, python data scienc machin learn zero hero hour student octob releas link udemi python aprendizaj automatico data scienc unsupervis machin learn
683, rt datasciencedojo look store weekend data set use practic improv skill
684, rt datasci jb colleg william mari look assist professor data scienc williamsbu
685, rt python space averag data scientist salari around k python highli use data scienc luckili master pyt
686, colleg william mari look assist professor data scienc williamsburg va unit state simul career simul
687, rt python space top python librari data scienc avoid librari want excel data scienc
688, rt agimafr python data scienc machin learn zero hero day registr left udemi
689, rt agimafr python data scienc machin learn zero hero day registr left udemi
690, python data scienc machin learn zero hero day registr left udemi udemyfre develop onlinecours data daysofcod datasci program cours pytho
691, python machin learn complet beginn cours hour student may releas link udemi inteligencia artifici aprendizaj automatico data scienc
692, rt k boazo return front end web develop week tri ventur data scienc
693, rt thomasvarekamp earn start data scientist howev peopl know learn steal roadmap
694, rt levikul panda favorit data scienc librari function use analysi explan
695, rt chrisstaud learn python sql one best way land job data scienc free simpl
696, rt eit odisha odisha govt sign mou univers chicago trust india set data polici innov centr
697, rt saboo shubham websit becom data scienc machin learn expert thread
698, initi wrote method chain panda harder read debug retrospect think wrong actual realli handi techniqu use sensibl datasci python panda
699, rt sumanth pay ridicul amount money studi python data scienc machin learn learn cours go
700, rt sumanth pay ridicul amount money studi python data scienc machin learn learn cours go
701, rt datasciencedojo look store weekend data set use practic improv skill
702, rt sumanth pay ridicul amount money studi python data scienc machin learn learn cours go
703, rt chrisstaud data scienc one hottest field youtub video help get start
704, rt chrisstaud data scienc one hottest field youtub video help get start
705, rt chrisstaud data scienc one hottest field youtub video help get start
706, rt k boazo return front end web develop week tri ventur data scienc
707, rt thegoldsuit high incom skill make k month aw web develop copywrit seo search engin optim
708, rt cachirag ca cours new curriculum multidisciplinari approach subject psycholog ai block chain data scienc
709, rt chrisstaud learn python sql one best way land job data scienc free simpl
710, rt chrisstaud learn python sql one best way land job data scienc free simpl
711, rt chrisstaud data scienc one hottest field youtub video help get start
712, rt tdatasci fresh take person data analysi call quantifi self healthi dose data scienc ml
713, rt k boazo return front end web develop week tri ventur data scienc
714, rt k boazo return front end web develop week tri ventur data scienc
715, rt swisscognit classif deeplearn model credit datasci ainew analyt
716, rt womenintechuk starlingbank creat new job manchest role across bank includ data scienc
717, rt k boazo return front end web develop week tri ventur data scienc
718, rt swisscognit classif deeplearn model credit datasci ainew analyt
719, classif deeplearn model credit datasci ainew analyt ai devcommun datascientist program artificialintellig data daysofcod
720, fresh take person data analysi call quantifi self healthi dose data scienc ml visual thrown good measur check yenniejun analysi cri pattern
721, rt k boazo return front end web develop week tri ventur data scienc
722, data scienc go humbl person aswear rita tyna naso data scienc hard reach
723, rt chrisstaud data scienc one hottest field youtub video help get start
724, tip check blog datasci datasci machinelearn bigdata ai analyt iot statist dataanalyt datamin businessintellig
725, step becom data scientist data scienc data scienc field studi wherein data analyz use specif paramet decis taken base pattern result gener analysi
726, rt sumanth pay ridicul amount money studi python data scienc machin learn learn cours go
727, fresh take person data analysi call quantifi self healthi dose data scienc ml visual thrown good measur check yenniejun analysi cri pattern
728, rt chrisstaud data scienc one hottest field youtub video help get start
729, rt hethbil csu ess coloradostateu warnercolleg dept ecosystem scienc sustain hire asst professor remo
730, rt chrisstaud data scienc one hottest field youtub video help get start
731, rt k boazo return front end web develop week tri ventur data scienc
732, rt k boazo return front end web develop week tri ventur data scienc
733, rt cachirag ca cours new curriculum multidisciplinari approach subject psycholog ai block chain data scienc
734, machin learn book complet overview beginn master basic python program understand build artifici intellig data scienc python ad
735, rt womenintechuk starlingbank creat new job manchest role across bank includ data scienc
736, rt chrisstaud data scienc one hottest field youtub video help get start
737, rt k boazo return front end web develop week tri ventur data scienc
738, rt k boazo return front end web develop week tri ventur data scienc
739, rt k boazo return front end web develop week tri ventur data scienc
740, rt kuria muiru guy go tech target softwar dev data scienc cloud comput network forget futur work
741, rt chrisstaud data scienc one hottest field youtub video help get start
742, rt k boazo return front end web develop week tri ventur data scienc
743, rt k boazo return front end web develop week tri ventur data scienc
744, rahullakhaney agre data scienc ai machin learn
745, rt k boazo return front end web develop week tri ventur data scienc
746, rt cachirag ca cours new curriculum multidisciplinari approach subject psycholog ai block chain data scienc
747, rt utejungwirth join lifesciencebath prize fellow year research fellowship strong expect transit perman po
748, rt datasciencedojo look store weekend data set use practic improv skill
749, rt k boazo return front end web develop week tri ventur data scienc
750, rt chrisstaud data scienc one hottest field youtub video help get start
751, join lifesciencebath prize fellow year research fellowship strong expect transit perman posit neurodevelop healthcar data scienc theoret empir studi evolut antimicrobi resist
752, rt tdatasci lectur chang data scienc career long data
753, rt chrisstaud data scienc one hottest field youtub video help get start
754, join onlei technolog month industri train program industrialtrain industrialtraininginstitut industrialtrain industrialtrainingprogram python datasci machinelearn pythoncertificatecours
755, rt chrisstaud data scienc one hottest field youtub video help get start
756, rt k boazo return front end web develop week tri ventur data scienc
757, rt datasciencedojo look store weekend data set use practic improv skill
758, rt datasciencedojo look store weekend data set use practic improv skill
759, top data scienc interview question answer ignor blog help student job seeker regard data scienc interview job student datasci datasci
760, rt sumanth pay ridicul amount money studi python data scienc machin learn learn cours go
761, usag data scienc fraud detect order monitor system fraudul activ busi entiti organis believ specialis data analyt read click link datascienc henryharvin henryharvinedu
762, cashflowiq depend mean normal peopl learn full stack engin plu data scienc money pay peopl build
763, top reason learn data scienc reason learn data scienc remain unsurmount data scienc data scientist data analyz machin learn engin etc datasci datascientist learndatasci
764, rt chrisstaud data scienc one hottest field youtub video help get start
765, data scienc timeless lesson
766, rt datasciencedojo look store weekend data set use practic improv skill
767, adgitm congratul dr preeti shoran associ professor artifici intellig machin learn depart success complet workshop geo spatial data scienc organ iit tirupati adgitm adgitmdelhi bbdgroup bbdstudent student educ
768, moghendrick excit want learn program first languag learn depend interest interest web develop data scienc app build find languag best repli dm us advic
769, via richardeud util regular express data scienc bigdata datasci datasci ds
770, rt sumanth pay ridicul amount money studi python data scienc machin learn learn cours go
771, rt chrisstaud data scienc one hottest field youtub video help get start
772, shanesoup krannyman aircraft technician trade money shite respons involv current tri get data scienc lifestyl offer think trade limit live western countri
773, rt gp pulipaka build career data scienc bigdata analyt datasci ai machinelearn iot iiot python rstat tensorfl
774, rt armandolivar want learn python dive world data scienc give follow share tip
775, rt ghetto doctor unwil write lukewarm presenc twitter got know
776, rt chrisstaud data scienc one hottest field youtub video help get start
777, rt chrisstaud data scienc one hottest field youtub video help get start
778, build data scienc team build scienc john hopkin univers
779, rt chrisstaud data scienc one hottest field youtub video help get start
780, rt chrisstaud data scienc one hottest field youtub video help get start
781, rt sumanth pay ridicul amount money studi python data scienc machin learn learn cours go
782, rt chrisstaud data scienc one hottest field youtub video help get start
783, rt k boazo return front end web develop week tri ventur data scienc
784, rt robcalv anyon interest data scienc machin learn read book form valid model world data
785, naevluv collegemenfess data scienc
786, rt lifedecod start januari one month intern bioinformat workshop data scienc python rd editi
787, rt hellohauwa discov websit learn cours like digit market data scienc web develop ui ux design
788, rt clairegillantcd still take applic month year postdoc posit mental health data scienc workin
789, rt sumanth pay ridicul amount money studi python data scienc machin learn learn cours go
790, rt chrisstaud data scienc one hottest field youtub video help get start
791, rt k boazo return front end web develop week tri ventur data scienc
792, rt chrisstaud data scienc one hottest field youtub video help get start
793, rt datasciencedojo look store weekend data set use practic improv skill
794, rt uniofnewcastl enjoy beauti sunset cold even urban scienc build newcastl shweta msc data scienc
795, rt chrisstaud data scienc one hottest field youtub video help get start
796, rt chrisstaud data scienc one hottest field youtub video help get start
797, rt chrisstaud data scienc one hottest field youtub video help get start
798, rt ostutelag websit progress done offer varieti cours full stack web develop ui ux design
799, rt k boazo return front end web develop week tri ventur data scienc
800, un urg imparti probe kill burkina faso novic meghashyam thiruveedula data scienc machin learn
801, rt k boazo return front end web develop week tri ventur data scienc
802, rt tdatasci lectur chang data scienc career long data
803, rt aniekan microsoft day im excit work data scienc intern microsoft summer realli look
804, rt gergelyorosz full articl layoff erinkwoo layoff target area twitter leadership
805, rt k boazo return front end web develop week tri ventur data scienc
806, day daysofdata r articl taiwan data scienc meetup commun creat chi yi kuan form taiwanes data scientist worldwid current volunt right help proofread art
807, rt sumanth pay ridicul amount money studi python data scienc machin learn learn cours go
808, rt sumanth pay ridicul amount money studi python data scienc machin learn learn cours go
809, rt danielk hire interest data scienc voluntari sector want work realli great team
810, rt ghumar pay ridicul amount money studi python linux devop mlop data scienc learn cours fr
811, rt chrisstaud data scienc one hottest field youtub video help get start
812, level within profess analyt learn data engin data scienc make immedi valuabl current role
813, rt chrisstaud data scienc one hottest field youtub video help get start
814, rt sumanth pay ridicul amount money studi python data scienc machin learn learn cours go
815, rt sumanth pay ridicul amount money studi python data scienc machin learn learn cours go
816, rt chrisstaud data scienc one hottest field youtub video help get start
817, rt sumanth pay ridicul amount money studi python data scienc machin learn learn cours go
818, code hub instructor remot reach volunt code hub program children young peopl age theycan learn data scienc varieti progr teach remotehey
819, rt datasci jb xpo logist inc look manag data scienc remot dalla tx unit state
820, rt datasci jb xpo logist inc look manag data scienc remot dalla tx unit state
821, rt datasciencedojo look store weekend data set use practic improv skill
822, rt datasci jb xpo logist inc look manag data scienc remot dalla tx unit state
823, rt datasci jb univers advanc technolog look ac data scienc professor temp az uni
824, rt chrisstaud data scienc one hottest field youtub video help get start
825, xpo logist inc look manag data scienc remot dalla tx unit state python geospati cloud datasci geospati
826, univers advanc technolog look ac data scienc professor temp az unit state cpp csharp python cloud ai javascript hire cpp
827, rt k boazo return front end web develop week tri ventur data scienc
828, rt chrisstaud data scienc one hottest field youtub video help get start
829, rt k boazo return front end web develop week tri ventur data scienc
830, rt chrisstaud data scienc one hottest field youtub video help get start
831, markprinc kynsoffici expanti accordingli think data scienc wont bad
832, rt thenaijacarguy your alreadi python programm would love learn python data analyt data scienc machin learn
833, rt chrisstaud data scienc one hottest field youtub video help get start
834, must read finish wow im itheum crustnetwork look sector blockchainmkyz
835, rt k boazo return front end web develop week tri ventur data scienc
836, rt tomrgaunt recruit two new post senior research associ bioinformat briscancerepi close j
837, rt dbmr unib dbmr medubern dean advertis posit open rank professorship aim associ professor om
838, rt chrisstaud data scienc one hottest field youtub video help get start
839, rt chrisstaud intro data scienc crash cours beginn freecodecamp durat hr main topic statist data
840, rt tdatasci lectur chang data scienc career long data
841, rt chrisstaud data scienc one hottest field youtub video help get start
842, chrisstaud sure would best youtub video data scienc alway share qualiti resourc bookmark thank curat share youtub video chri
843, rt datasciencedojo look store weekend data set use practic improv skill
844, rt chrisstaud data scienc one hottest field youtub video help get start
845, trend tech news best data scienc ml discord server join end analyt india magazin pyton python python ml machinelearn read
846, rt k boazo return front end web develop week tri ventur data scienc
847, cizmeliservet machin learn data scienc
848, rt chrisstaud tool resourc help land job program data scienc devop
849, rt datasciencedojo look store weekend data set use practic improv skill
850, rt k boazo return front end web develop week tri ventur data scienc
851, rt richardeud util regular express data scienc bigdata datasci datasci ds
852, rt chrisstaud data scienc one hottest field youtub video help get start
853, rt ml job feed catalyt data scienc look data machin learn specialist boston unit
854, catalyt data scienc look data machin learn specialist boston unit state python cloud ml tensorflow pytorch program ml
855, master scienc data scienc ai market via kdnugget
856, rt sumanth pay ridicul amount money studi python data scienc machin learn learn cours go
857, rt chrisstaud data scienc one hottest field youtub video help get start
858, rt machinelearnflx data set beginn data scienc machin learn project datasci machinel
859, via richardeud util regular express data scienc bigdata datasci datasci ds
860, rt chrisstaud data scienc one hottest field youtub video help get start
861, solomonk excel learn aid especi technic subject take data scienc class break complex concept realli easi digest bit also prompt end explain like would year old
862, rt gp pulipaka list import librari data scienc bigdata analyt datasci ai machinelearn iot iiot python rst
863, rt chrisstaud data scienc one hottest field youtub video help get start
864, rt machinelearnflx data set beginn data scienc machin learn project datasci machinel
865, data scienc vs softwar engin key comparison check demand session intellig secur summit data scienc softwar engin two import function manag ever great
866, flask fastapi framework help make websit program use python two framework good build program data scienc machin learn want build python applic build applicatio
867, rt chrisstaud data scienc one hottest field youtub video help get start
868, rt cachirag ca cours new curriculum multidisciplinari approach subject psycholog ai block chain data scienc
869, rt chrisstaud data scienc one hottest field youtub video help get start
870, rt chrisstaud data scienc one hottest field youtub video help get start
871, rt sumanth pay ridicul amount money studi python data scienc machin learn learn cours go
872, rt datasciencedojo look store weekend data set use practic improv skill
873, rt chrisstaud data scienc one hottest field youtub video help get start
874, rt chrisstaud data scienc one hottest field youtub video help get start
875, rt k boazo return front end web develop week tri ventur data scienc
876, rt sumanth pay ridicul amount money studi python data scienc machin learn learn cours go
877, rt k boazo return front end web develop week tri ventur data scienc
878, rt safechem chemist enter job market year rememb okay data scienc isnt passion still nee
879, rt sqicict launch success career data scienc analysi profession train dedic career support gain demand
880, rt chrisstaud data scienc one hottest field youtub video help get start
881, rt k boazo return front end web develop week tri ventur data scienc
882, rt sumanth pay ridicul amount money studi python data scienc machin learn learn cours go
883, lawheroez openai wed normal bubbl tool launch tick box luckili recess guess data scienc team exist product use case led start up eg draftwis alreadi use transform base approach sever year
884, rt k boazo return front end web develop week tri ventur data scienc
885, rt tut ml step step roadmap learn data scienc scratch free datascientist program code
886, rt chrisstaud data scienc one hottest field youtub video help get start
887, rt tdatasci lectur chang data scienc career long data
888, rt chrisstaud data scienc one hottest field youtub video help get start
889, rt chrisstaud data scienc one hottest field youtub video help get start
890, rt k boazo return front end web develop week tri ventur data scienc
891, rt dochelmi listen zaliha drz speech kkmputrajaya plan point rais polici driven data
892, rt k boazo return front end web develop week tri ventur data scienc
893, rt sumanth pay ridicul amount money studi python data scienc machin learn learn cours go
894, rt chrisstaud data scienc one hottest field youtub video help get start
895, rt machinelearnflx data set beginn data scienc machin learn project datasci machinel
896, rt sumanth pay ridicul amount money studi python data scienc machin learn learn cours go
897, rt k boazo return front end web develop week tri ventur data scienc
898, util regular express data scienc bigdata datasci datasci ds
899, k boazo data scienc weak
900, rt k boazo return front end web develop week tri ventur data scienc
901, rt chrisstaud data scienc one hottest field youtub video help get start
902, rt k boazo return front end web develop week tri ventur data scienc
903, rt harunmbaabu plan first lux academi lux academi data scienc east africa dseafrica meet
904, rt k boazo return front end web develop week tri ventur data scienc
905, rt chrisstaud data scienc one hottest field youtub video help get start
906, rt sumanth pay ridicul amount money studi python data scienc machin learn learn cours go
907, rt santhoshkumar want remot data scienc analyst role pay usd open thread
908, rt machinelearnflx data set beginn data scienc machin learn project datasci machinel
909, data set beginn data scienc machin learn project datasci machinelearn
910, rt aroscopoffici infograph network analysi toward data scienc albz marocchino via ingliguori analyt bigdata ii
911, rt k boazo return front end web develop week tri ventur data scienc
912, enjoy beauti sunset cold even urban scienc build newcastl shweta msc data scienc mynclpic insta ss rkive
913, rt jgibristol data scienc seminar seri collabor heilbronn institut back next seminar speak
914, rt bowti raptor data scienc impact farm thank bowtiedfarm bowtiedranch
915, rt mdeverna submit paper th cyber social threat workshop thewebconf select paper invit extend articl
916, rt chrisstaud data scienc one hottest field youtub video help get start
917, rt datasciencedojo look store weekend data set use practic improv skill
918, rt chrisstaud data scienc one hottest field youtub video help get start
919, rt chrisstaud intro data scienc crash cours beginn freecodecamp durat hr main topic statist data
920, rt chrisstaud data scienc one hottest field youtub video help get start
921, rt chrisstaud data scienc one hottest field youtub video help get start
922, rt tdatasci lectur chang data scienc career long data
923, rt eit odisha odisha govt sign mou univers chicago trust india set data polici innov centr
924, rt datasciencedojo week left sign python data scienc instructor led live train learn build data pip
925, rt harunmbaabu plan first lux academi lux academi data scienc east africa dseafrica meet
926, rt k boazo return front end web develop week tri ventur data scienc
927, rt peternealtaylor last chanc appli fulli fund phd tax free stipend tuition fee paid gener travel support open
928, rt chrisstaud data scienc one hottest field youtub video help get start
929, rt abdulsomad tech stack data scienc current cnn imag recognit deep learn code sinc
930, statist data scienc probabl statist statist tu via youtub
931, rt chrisstaud data scienc one hottest field youtub video help get start
932, amerix bengohub websit develop train softwar develop data scienc reach via
933, rt datasciencedojo look store weekend data set use practic improv skill
934, rt chrisstaud data scienc one hottest field youtub video help get start
935, rt chrisstaud learn data scienc tutori full cours beginn freecodecamp durat hr main topic data scienc
936, rt chrisstaud data scienc full cours data scienc beginn edureka durat hr main topic data scienc algori
937, rt chrisstaud data scienc minut data scienc simplilearn durat min main topic life data scient
938, rt chrisstaud intro data scienc crash cours beginn freecodecamp durat hr main topic statist data
939, rt chrisstaud data scienc one hottest field youtub video help get start
940, rt theacademi peter aiyabei k boazo data scienc degre joke achana na hii vitu za week unaambiwa your data sc
941, rt moshoodkamorud k boazo rather ventur data scienc easi place mindset hard work consisten
942, rt k boazo return front end web develop week tri ventur data scienc
943, rt chrisstaud data scienc one hottest field youtub video help get start
944, rt k boazo return front end web develop week tri ventur data scienc
945, rt k boazo return front end web develop week tri ventur data scienc
946, rt sumanth pay ridicul amount money studi python data scienc machin learn learn cours go
947, rt k boazo return front end web develop week tri ventur data scienc
948, rt sumanth pay ridicul amount money studi python data scienc machin learn learn cours go
949, nanodegre pek creat page nanodegre extrem compact web base academ degre certifi default nanodegre focu comput scienc disciplin data scienc artifici intellig machin learn mobil softwar dev
950, rt k boazo return front end web develop week tri ventur data scienc
951, rt mdeverna submit paper th cyber social threat workshop thewebconf select paper invit extend articl
952, rt chrisstaud data scienc one hottest field youtub video help get start
953, rt dd serena introduct data scienc datasci
954, lekusg kynsoffici depend want learn web develop design mobil app develop game develop data scienc data analysi ui ux design mani focu relev demand geograph area
955, rt chrisstaud data scienc one hottest field youtub video help get start
956, small nightmar legit wake middl night ask didnt data scienc instead
957, rt safechem chemist enter job market year rememb okay data scienc isnt passion still nee
958, rt datasci jb news corpor look director data scienc new york ny unit state python
959, rt chrisstaud data scienc one hottest field youtub video help get start
960, news corpor look director data scienc new york ny unit state python career python
961, rt k boazo return front end web develop week tri ventur data scienc
962, plan first lux academi lux academi data scienc east africa dseafrica meet meet also repli idea cc luxdevhq
963, rt datasciencedojo look store weekend data set use practic improv skill
964, rt chrisstaud data scienc one hottest field youtub video help get start
965, rt wealthinc valuabl skill chang life write invest blockchain copywrit program
966, rt cachirag ca cours new curriculum multidisciplinari approach subject psycholog ai block chain data scienc
967, rt chrisstaud data scienc one hottest field youtub video help get start
968, peter aiyabei k boazo data scienc degre joke achana na hii vitu za week unaambiwa your data scientist
969, interest studi data scienc say necessari resourc data scienc
970, k boazo rather ventur data scienc easi place mindset hard work consist talk rest
971, murphi oil look data scienc global op summer intern houston tx unit state python azur tensorflow jobsearch tensorflow
972, rt datasciencedojo get start data scienc new year data scienc pathway datascienc
973, first day learn data scienc without laptop print one step time
974, rt chrisstaud intro data scienc crash cours beginn freecodecamp durat hr main topic statist data
975, rt toward ai set data scienc team success mw latest
976, rt k boazo return front end web develop week tri ventur data scienc
977, rt chrisstaud data scienc one hottest field youtub video help get start
978, rt k boazo return front end web develop week tri ventur data scienc
979, rt k boazo return front end web develop week tri ventur data scienc
980, rt chrisstaud data scienc one hottest field youtub video help get start
981, rt chrisstaud data scienc one hottest field youtub video help get start
982, rt chrisstaud data scienc one hottest field youtub video help get start
983, rt k boazo return front end web develop week tri ventur data scienc
984, rt chrisstaud data scienc one hottest field youtub video help get start
985, rt k boazo return front end web develop week tri ventur data scienc
986, fsorphi land greener data scienc
987, rt andydnewton fund phd understand respond youth violenc blend data scienc live experi
988, rt chrisstaud data scienc one hottest field youtub video help get start
989, rt chrisstaud data scienc one hottest field youtub video help get start
990, rt datasciencedojo look store weekend data set use practic improv skill
991, rt k boazo return front end web develop week tri ventur data scienc
992, rt k boazo return front end web develop week tri ventur data scienc
993, rt edinburghbean rsmnephrologydata scienc kidney bring uk renal health data research network intern e
994, set data scienc team success mw latest
995, rt k boazo return front end web develop week tri ventur data scienc
996, rt sumanth pay ridicul amount money studi python data scienc machin learn learn cours go
997, start year valuabl free cours certif data scienc machin learn python datasci machinelearn googl learn
998, rt chrisstaud data scienc one hottest field youtub video help get start
999, rt chrisstaud data scienc one hottest field youtub video help get start
